WATERABB,WATER,YEAR,LENGTH,AGE,WATERMAIN
PYME,Pymatuning Reservoir,2013,290,3,Pymatuning Reservoir
PYME,Pymatuning Reservoir,2013,293,5,Pymatuning Reservoir
PYME,Pymatuning Reservoir,2013,296,5,Pymatuning Reservoir
PYME,Pymatuning Reservoir,2013,301,5,Pymatuning Reservoir
PYME,Pymatuning Reservoir,2013,302,5,Pymatuning Reservoir
PYME,Pymatuning Reservoir,2013,322,5,Pymatuning Reservoir
PYME,Pymatuning Reservoir,2013,340,5,Pymatuning Reservoir
PYME,Pymatuning Reservoir,2013,344,5,Pymatuning Reservoir
PYME,Pymatuning Reservoir,2013,265,6,Pymatuning Reservoir
PYME,Pymatuning Reservoir,2013,271,6,Pymatuning Reservoir
PYME,Pymatuning Reservoir,2013,288,6,Pymatuning Reservoir
PYME,Pymatuning Reservoir,2013,297,6,Pymatuning Reservoir
PYME,Pymatuning Reservoir,2013,302,6,Pymatuning Reservoir
PYME,Pymatuning Reservoir,2013,306,6,Pymatuning Reservoir
PYME,Pymatuning Reservoir,2013,310,6,Pymatuning Reservoir
PYME,Pymatuning Reservoir,2013,316,6,Pymatuning Reservoir
PYME,Pymatuning Reservoir,2013,326,6,Pymatuning Reservoir
PYME,Pymatuning Reservoir,2013,335,6,Pymatuning Reservoir
PYME,Pymatuning Reservoir,2013,351,6,Pymatuning Reservoir
PYME,Pymatuning Reservoir,2013,353,6,Pymatuning Reservoir
PYME,Pymatuning Reservoir,2013,358,6,Pymatuning Reservoir
PYME,Pymatuning Reservoir,2013,388,6,Pymatuning Reservoir
PYME,Pymatuning Reservoir,2013,401,6,Pymatuning Reservoir
PYME,Pymatuning Reservoir,2013,382,7,Pymatuning Reservoir
PYME,Pymatuning Reservoir,2013,390,7,Pymatuning Reservoir
PYME,Pymatuning Reservoir,2013,426,7,Pymatuning Reservoir
PYME,Pymatuning Reservoir,2013,438,7,Pymatuning Reservoir
PYME,Pymatuning Reservoir,2013,513,7,Pymatuning Reservoir
PYME,Pymatuning Reservoir,2013,337,8,Pymatuning Reservoir
PYME,Pymatuning Reservoir,2013,363,8,Pymatuning Reservoir
PYME,Pymatuning Reservoir,2013,371,8,Pymatuning Reservoir
PYME,Pymatuning Reservoir,2013,377,8,Pymatuning Reservoir
PYME,Pymatuning Reservoir,2013,383,8,Pymatuning Reservoir
PYME,Pymatuning Reservoir,2013,387,8,Pymatuning Reservoir
PYME,Pymatuning Reservoir,2013,389,8,Pymatuning Reservoir
PYME,Pymatuning Reservoir,2013,397,8,Pymatuning Reservoir
PYME,Pymatuning Reservoir,2013,408,8,Pymatuning Reservoir
PYME,Pymatuning Reservoir,2013,410,8,Pymatuning Reservoir
PYME,Pymatuning Reservoir,2013,422,8,Pymatuning Reservoir
PYME,Pymatuning Reservoir,2013,422,8,Pymatuning Reservoir
PYME,Pymatuning Reservoir,2013,430,8,Pymatuning Reservoir
PYME,Pymatuning Reservoir,2013,440,8,Pymatuning Reservoir
PYME,Pymatuning Reservoir,2013,456,8,Pymatuning Reservoir
PYME,Pymatuning Reservoir,2013,489,8,Pymatuning Reservoir
PYME,Pymatuning Reservoir,2013,438,9,Pymatuning Reservoir
PYME,Pymatuning Reservoir,2013,441,9,Pymatuning Reservoir
PYME,Pymatuning Reservoir,2013,542,9,Pymatuning Reservoir
PYME,Pymatuning Reservoir,2013,568,9,Pymatuning Reservoir
PYME,Pymatuning Reservoir,2013,515,10,Pymatuning Reservoir
PYME,Pymatuning Reservoir,2013,365,10,Pymatuning Reservoir
PYME,Pymatuning Reservoir,2013,398,10,Pymatuning Reservoir
PYME,Pymatuning Reservoir,2013,405,10,Pymatuning Reservoir
PYME,Pymatuning Reservoir,2013,600,10,Pymatuning Reservoir
PYME,Pymatuning Reservoir,2013,362,11,Pymatuning Reservoir
PYME,Pymatuning Reservoir,2013,396,11,Pymatuning Reservoir
PYME,Pymatuning Reservoir,2013,407,11,Pymatuning Reservoir
PYME,Pymatuning Reservoir,2013,414,11,Pymatuning Reservoir
PYME,Pymatuning Reservoir,2013,424,11,Pymatuning Reservoir
PYME,Pymatuning Reservoir,2013,426,11,Pymatuning Reservoir
PYME,Pymatuning Reservoir,2013,433,11,Pymatuning Reservoir
PYME,Pymatuning Reservoir,2013,445,11,Pymatuning Reservoir
PYME,Pymatuning Reservoir,2013,453,11,Pymatuning Reservoir
PYME,Pymatuning Reservoir,2013,455,11,Pymatuning Reservoir
PYME,Pymatuning Reservoir,2013,480,11,Pymatuning Reservoir
PYME,Pymatuning Reservoir,2013,485,11,Pymatuning Reservoir
PYME,Pymatuning Reservoir,2013,490,11,Pymatuning Reservoir
PYME,Pymatuning Reservoir,2013,496,11,Pymatuning Reservoir
PYME,Pymatuning Reservoir,2013,535,11,Pymatuning Reservoir
PYME,Pymatuning Reservoir,2013,551,11,Pymatuning Reservoir
PYME,Pymatuning Reservoir,2013,581,11,Pymatuning Reservoir
PYME,Pymatuning Reservoir,2013,597,11,Pymatuning Reservoir
PYME,Pymatuning Reservoir,2013,355,11,Pymatuning Reservoir
PYME,Pymatuning Reservoir,2013,473,11,Pymatuning Reservoir
PYME,Pymatuning Reservoir,2013,345,12,Pymatuning Reservoir
PYME,Pymatuning Reservoir,2013,460,12,Pymatuning Reservoir
PYME,Pymatuning Reservoir,2013,465,12,Pymatuning Reservoir
PYME,Pymatuning Reservoir,2013,470,12,Pymatuning Reservoir
PYME,Pymatuning Reservoir,2013,518,12,Pymatuning Reservoir
PYME,Pymatuning Reservoir,2013,576,12,Pymatuning Reservoir
PYME,Pymatuning Reservoir,2013,580,12,Pymatuning Reservoir
PYME,Pymatuning Reservoir,2013,592,12,Pymatuning Reservoir
PYME,Pymatuning Reservoir,2013,739,12,Pymatuning Reservoir
PYME,Pymatuning Reservoir,2013,466,13,Pymatuning Reservoir
PYME,Pymatuning Reservoir,2013,569,13,Pymatuning Reservoir
PYME,Pymatuning Reservoir,2013,512,14,Pymatuning Reservoir
PYME,Pymatuning Reservoir,2013,613,14,Pymatuning Reservoir
PYME,Pymatuning Reservoir,2013,468,18,Pymatuning Reservoir
PYME,Pymatuning Reservoir,2013,675,18,Pymatuning Reservoir
PYME,Pymatuning Reservoir,2013,548,22,Pymatuning Reservoir
PYME,Pymatuning Reservoir,2013,455,28,Pymatuning Reservoir
PYME,Pymatuning Reservoir,2013,496,29,Pymatuning Reservoir
PYME,Pymatuning Reservoir,2013,472,30,Pymatuning Reservoir
PYME,Pymatuning Reservoir,2013,477,30,Pymatuning Reservoir
PYME,Pymatuning Reservoir,2013,479,31,Pymatuning Reservoir
PYME,Pymatuning Reservoir,2013,500,32,Pymatuning Reservoir
PYME,Pymatuning Reservoir,2013,546,32,Pymatuning Reservoir
PYME,Pymatuning Reservoir,2013,432,34,Pymatuning Reservoir
CROOK,Crooked Creek Lake,2017,303,6,Crooked Creek Lake
CROOK,Crooked Creek Lake,2017,307,5,Crooked Creek Lake
CROOK,Crooked Creek Lake,2017,315,9,Crooked Creek Lake
CROOK,Crooked Creek Lake,2017,316,5,Crooked Creek Lake
CROOK,Crooked Creek Lake,2017,320,5,Crooked Creek Lake
CROOK,Crooked Creek Lake,2017,331,5,Crooked Creek Lake
CROOK,Crooked Creek Lake,2017,332,5,Crooked Creek Lake
CROOK,Crooked Creek Lake,2017,337,4,Crooked Creek Lake
CROOK,Crooked Creek Lake,2017,341,6,Crooked Creek Lake
CROOK,Crooked Creek Lake,2017,342,5,Crooked Creek Lake
CROOK,Crooked Creek Lake,2017,342,7,Crooked Creek Lake
CROOK,Crooked Creek Lake,2017,342,12,Crooked Creek Lake
CROOK,Crooked Creek Lake,2017,345,5,Crooked Creek Lake
CROOK,Crooked Creek Lake,2017,348,7,Crooked Creek Lake
CROOK,Crooked Creek Lake,2017,356,5,Crooked Creek Lake
CROOK,Crooked Creek Lake,2017,356,12,Crooked Creek Lake
CROOK,Crooked Creek Lake,2017,357,6,Crooked Creek Lake
CROOK,Crooked Creek Lake,2017,357,15,Crooked Creek Lake
CROOK,Crooked Creek Lake,2017,358,9,Crooked Creek Lake
CROOK,Crooked Creek Lake,2017,363,5,Crooked Creek Lake
CROOK,Crooked Creek Lake,2017,368,6,Crooked Creek Lake
CROOK,Crooked Creek Lake,2017,374,9,Crooked Creek Lake
CROOK,Crooked Creek Lake,2017,375,6,Crooked Creek Lake
CROOK,Crooked Creek Lake,2017,376,13,Crooked Creek Lake
CROOK,Crooked Creek Lake,2017,378,15,Crooked Creek Lake
CROOK,Crooked Creek Lake,2017,380,6,Crooked Creek Lake
CROOK,Crooked Creek Lake,2017,386,9,Crooked Creek Lake
CROOK,Crooked Creek Lake,2017,387,6,Crooked Creek Lake
CROOK,Crooked Creek Lake,2017,387,12,Crooked Creek Lake
CROOK,Crooked Creek Lake,2017,390,10,Crooked Creek Lake
CROOK,Crooked Creek Lake,2017,393,6,Crooked Creek Lake
CROOK,Crooked Creek Lake,2017,393,17,Crooked Creek Lake
CROOK,Crooked Creek Lake,2017,397,6,Crooked Creek Lake
CROOK,Crooked Creek Lake,2017,397,12,Crooked Creek Lake
CROOK,Crooked Creek Lake,2017,397,12,Crooked Creek Lake
CROOK,Crooked Creek Lake,2017,398,8,Crooked Creek Lake
CROOK,Crooked Creek Lake,2017,400,6,Crooked Creek Lake
CROOK,Crooked Creek Lake,2017,401,7,Crooked Creek Lake
CROOK,Crooked Creek Lake,2017,402,9,Crooked Creek Lake
CROOK,Crooked Creek Lake,2017,402,12,Crooked Creek Lake
CROOK,Crooked Creek Lake,2017,404,10,Crooked Creek Lake
CROOK,Crooked Creek Lake,2017,406,7,Crooked Creek Lake
CROOK,Crooked Creek Lake,2017,406,11,Crooked Creek Lake
CROOK,Crooked Creek Lake,2017,411,8,Crooked Creek Lake
CROOK,Crooked Creek Lake,2017,411,9,Crooked Creek Lake
CROOK,Crooked Creek Lake,2017,418,12,Crooked Creek Lake
CROOK,Crooked Creek Lake,2017,426,11,Crooked Creek Lake
CROOK,Crooked Creek Lake,2017,422,12,Crooked Creek Lake
CROOK,Crooked Creek Lake,2017,430,9,Crooked Creek Lake
CROOK,Crooked Creek Lake,2017,438,10,Crooked Creek Lake
CROOK,Crooked Creek Lake,2017,441,11,Crooked Creek Lake
CROOK,Crooked Creek Lake,2017,442,10,Crooked Creek Lake
CROOK,Crooked Creek Lake,2017,445,12,Crooked Creek Lake
CROOK,Crooked Creek Lake,2017,445,9,Crooked Creek Lake
CROOK,Crooked Creek Lake,2017,445,10,Crooked Creek Lake
CROOK,Crooked Creek Lake,2017,445,11,Crooked Creek Lake
CROOK,Crooked Creek Lake,2017,445,19,Crooked Creek Lake
CROOK,Crooked Creek Lake,2017,450,10,Crooked Creek Lake
CROOK,Crooked Creek Lake,2017,452,9,Crooked Creek Lake
CROOK,Crooked Creek Lake,2017,452,11,Crooked Creek Lake
CROOK,Crooked Creek Lake,2017,452,11,Crooked Creek Lake
CROOK,Crooked Creek Lake,2017,458,12,Crooked Creek Lake
CROOK,Crooked Creek Lake,2017,459,9,Crooked Creek Lake
CROOK,Crooked Creek Lake,2017,468,10,Crooked Creek Lake
CROOK,Crooked Creek Lake,2017,472,12,Crooked Creek Lake
CROOK,Crooked Creek Lake,2017,479,12,Crooked Creek Lake
CROOK,Crooked Creek Lake,2017,480,12,Crooked Creek Lake
CROOK,Crooked Creek Lake,2017,482,8,Crooked Creek Lake
CROOK,Crooked Creek Lake,2017,482,12,Crooked Creek Lake
CROOK,Crooked Creek Lake,2017,487,12,Crooked Creek Lake
CROOK,Crooked Creek Lake,2017,490,12,Crooked Creek Lake
CROOK,Crooked Creek Lake,2017,492,12,Crooked Creek Lake
CROOK,Crooked Creek Lake,2017,496,10,Crooked Creek Lake
CROOK,Crooked Creek Lake,2017,498,6,Crooked Creek Lake
CROOK,Crooked Creek Lake,2017,502,10,Crooked Creek Lake
CROOK,Crooked Creek Lake,2017,502,11,Crooked Creek Lake
CROOK,Crooked Creek Lake,2017,502,14,Crooked Creek Lake
CROOK,Crooked Creek Lake,2017,506,12,Crooked Creek Lake
CROOK,Crooked Creek Lake,2017,507,12,Crooked Creek Lake
CROOK,Crooked Creek Lake,2017,508,12,Crooked Creek Lake
CROOK,Crooked Creek Lake,2017,512,12,Crooked Creek Lake
CROOK,Crooked Creek Lake,2017,517,12,Crooked Creek Lake
CROOK,Crooked Creek Lake,2017,527,21,Crooked Creek Lake
CROOK,Crooked Creek Lake,2017,530,12,Crooked Creek Lake
CROOK,Crooked Creek Lake,2017,533,9,Crooked Creek Lake
CROOK,Crooked Creek Lake,2017,533,11,Crooked Creek Lake
CROOK,Crooked Creek Lake,2017,533,12,Crooked Creek Lake
CROOK,Crooked Creek Lake,2017,534,12,Crooked Creek Lake
CROOK,Crooked Creek Lake,2017,540,11,Crooked Creek Lake
CROOK,Crooked Creek Lake,2017,542,12,Crooked Creek Lake
CROOK,Crooked Creek Lake,2017,544,12,Crooked Creek Lake
CROOK,Crooked Creek Lake,2017,547,12,Crooked Creek Lake
CROOK,Crooked Creek Lake,2017,548,12,Crooked Creek Lake
CROOK,Crooked Creek Lake,2017,548,16,Crooked Creek Lake
CROOK,Crooked Creek Lake,2017,552,12,Crooked Creek Lake
CROOK,Crooked Creek Lake,2017,560,12,Crooked Creek Lake
CROOK,Crooked Creek Lake,2017,562,10,Crooked Creek Lake
CROOK,Crooked Creek Lake,2017,568,12,Crooked Creek Lake
CROOK,Crooked Creek Lake,2017,568,18,Crooked Creek Lake
CROOK,Crooked Creek Lake,2017,523,12,Crooked Creek Lake
CROOK,Crooked Creek Lake,2017,577,10,Crooked Creek Lake
CROOK,Crooked Creek Lake,2017,577,12,Crooked Creek Lake
CROOK,Crooked Creek Lake,2017,577,13,Crooked Creek Lake
CROOK,Crooked Creek Lake,2017,580,12,Crooked Creek Lake
CROOK,Crooked Creek Lake,2017,581,14,Crooked Creek Lake
CROOK,Crooked Creek Lake,2017,582,8,Crooked Creek Lake
CROOK,Crooked Creek Lake,2017,592,12,Crooked Creek Lake
CROOK,Crooked Creek Lake,2017,595,12,Crooked Creek Lake
CROOK,Crooked Creek Lake,2017,597,11,Crooked Creek Lake
CROOK,Crooked Creek Lake,2017,597,18,Crooked Creek Lake
CROOK,Crooked Creek Lake,2017,598,12,Crooked Creek Lake
CROOK,Crooked Creek Lake,2017,600,12,Crooked Creek Lake
CROOK,Crooked Creek Lake,2017,603,16,Crooked Creek Lake
CROOK,Crooked Creek Lake,2017,611,15,Crooked Creek Lake
CROOK,Crooked Creek Lake,2017,612,11,Crooked Creek Lake
CROOK,Crooked Creek Lake,2017,620,10,Crooked Creek Lake
CROOK,Crooked Creek Lake,2017,620,12,Crooked Creek Lake
CROOK,Crooked Creek Lake,2017,624,11,Crooked Creek Lake
CROOK,Crooked Creek Lake,2017,627,12,Crooked Creek Lake
CROOK,Crooked Creek Lake,2017,632,14,Crooked Creek Lake
CROOK,Crooked Creek Lake,2017,640,12,Crooked Creek Lake
CROOK,Crooked Creek Lake,2017,650,10,Crooked Creek Lake
CROOK,Crooked Creek Lake,2017,655,12,Crooked Creek Lake
CROOK,Crooked Creek Lake,2017,655,15,Crooked Creek Lake
CROOK,Crooked Creek Lake,2017,662,16,Crooked Creek Lake
CROOK,Crooked Creek Lake,2017,662,18,Crooked Creek Lake
CROOK,Crooked Creek Lake,2017,668,11,Crooked Creek Lake
CROOK,Crooked Creek Lake,2017,671,14,Crooked Creek Lake
CROOK,Crooked Creek Lake,2017,672,12,Crooked Creek Lake
CROOK,Crooked Creek Lake,2017,673,12,Crooked Creek Lake
CROOK,Crooked Creek Lake,2017,705,12,Crooked Creek Lake
SOM,Somerset Lake,,227,1,Somerset Lake
SOM,Somerset Lake,,297,1,Somerset Lake
SOM,Somerset Lake,,297,1,Somerset Lake
SOM,Somerset Lake,,209,1,Somerset Lake
SOM,Somerset Lake,,176,2,Somerset Lake
SOM,Somerset Lake,,275,2,Somerset Lake
SOM,Somerset Lake,,314,2,Somerset Lake
SOM,Somerset Lake,,170,2,Somerset Lake
SOM,Somerset Lake,,296,3,Somerset Lake
SOM,Somerset Lake,,315,3,Somerset Lake
SOM,Somerset Lake,,272,3,Somerset Lake
SOM,Somerset Lake,,319,3,Somerset Lake
SOM,Somerset Lake,,299,3,Somerset Lake
SOM,Somerset Lake,,322,3,Somerset Lake
SOM,Somerset Lake,,297,3,Somerset Lake
SOM,Somerset Lake,,283,3,Somerset Lake
SOM,Somerset Lake,,293,3,Somerset Lake
SOM,Somerset Lake,,293,3,Somerset Lake
SOM,Somerset Lake,,361,3,Somerset Lake
SOM,Somerset Lake,,362,3,Somerset Lake
SOM,Somerset Lake,,363,3,Somerset Lake
SOM,Somerset Lake,,370,3,Somerset Lake
SOM,Somerset Lake,,395,4,Somerset Lake
SOM,Somerset Lake,,459,5,Somerset Lake
SOM,Somerset Lake,,464,5,Somerset Lake
SOM,Somerset Lake,,444,5,Somerset Lake
SOM,Somerset Lake,,377,5,Somerset Lake
SOM,Somerset Lake,,451,5,Somerset Lake
SOM,Somerset Lake,,420,5,Somerset Lake
SOM,Somerset Lake,,431,5,Somerset Lake
SOM,Somerset Lake,,436,5,Somerset Lake
SOM,Somerset Lake,,462,5,Somerset Lake
SOM,Somerset Lake,,470,5,Somerset Lake
SOM,Somerset Lake,,426,6,Somerset Lake
SOM,Somerset Lake,,391,6,Somerset Lake
SOM,Somerset Lake,,437,6,Somerset Lake
SOM,Somerset Lake,,426,6,Somerset Lake
SOM,Somerset Lake,,484,6,Somerset Lake
SOM,Somerset Lake,,462,6,Somerset Lake
SOM,Somerset Lake,,429,6,Somerset Lake
SOM,Somerset Lake,,550,6,Somerset Lake
SOM,Somerset Lake,,490,6,Somerset Lake
SOM,Somerset Lake,,470,6,Somerset Lake
SOM,Somerset Lake,,439,6,Somerset Lake
SOM,Somerset Lake,,532,6,Somerset Lake
SOM,Somerset Lake,,490,6,Somerset Lake
SOM,Somerset Lake,,443,6,Somerset Lake
SOM,Somerset Lake,,469,6,Somerset Lake
SOM,Somerset Lake,,515,6,Somerset Lake
SOM,Somerset Lake,,543,6,Somerset Lake
SOM,Somerset Lake,,543,6,Somerset Lake
SOM,Somerset Lake,,432,6,Somerset Lake
SOM,Somerset Lake,,438,6,Somerset Lake
SOM,Somerset Lake,,396,6,Somerset Lake
SOM,Somerset Lake,,417,6,Somerset Lake
SOM,Somerset Lake,,483,6,Somerset Lake
SOM,Somerset Lake,,498,6,Somerset Lake
SOM,Somerset Lake,,500,6,Somerset Lake
SOM,Somerset Lake,,525,6,Somerset Lake
SOM,Somerset Lake,,530,6,Somerset Lake
SOM,Somerset Lake,,537,6,Somerset Lake
SOM,Somerset Lake,,550,6,Somerset Lake
SOM,Somerset Lake,,560,6,Somerset Lake
SOM,Somerset Lake,,638,7,Somerset Lake
SOM,Somerset Lake,,417,7,Somerset Lake
SOM,Somerset Lake,,473,7,Somerset Lake
SOM,Somerset Lake,,560,7,Somerset Lake
SOM,Somerset Lake,,591,7,Somerset Lake
SOM,Somerset Lake,,485,7,Somerset Lake
SOM,Somerset Lake,,473,7,Somerset Lake
SOM,Somerset Lake,,578,7,Somerset Lake
SOM,Somerset Lake,,726,7,Somerset Lake
SOM,Somerset Lake,,605,7,Somerset Lake
SOM,Somerset Lake,,653,7,Somerset Lake
SOM,Somerset Lake,,463,7,Somerset Lake
SOM,Somerset Lake,,636,7,Somerset Lake
SOM,Somerset Lake,,454,7,Somerset Lake
SOM,Somerset Lake,,558,7,Somerset Lake
SOM,Somerset Lake,,600,7,Somerset Lake
SOM,Somerset Lake,,589,8,Somerset Lake
SOM,Somerset Lake,,713,8,Somerset Lake
SOM,Somerset Lake,,601,8,Somerset Lake
SOM,Somerset Lake,,632,8,Somerset Lake
SOM,Somerset Lake,,711,8,Somerset Lake
SOM,Somerset Lake,,609,8,Somerset Lake
SOM,Somerset Lake,,637,8,Somerset Lake
SOM,Somerset Lake,,536,8,Somerset Lake
SOM,Somerset Lake,,550,8,Somerset Lake
SOM,Somerset Lake,,556,8,Somerset Lake
SOM,Somerset Lake,,562,8,Somerset Lake
SOM,Somerset Lake,,586,8,Somerset Lake
SOM,Somerset Lake,,590,8,Somerset Lake
SOM,Somerset Lake,,591,8,Somerset Lake
SOM,Somerset Lake,,608,8,Somerset Lake
SOM,Somerset Lake,,620,8,Somerset Lake
SOM,Somerset Lake,,628,8,Somerset Lake
SOM,Somerset Lake,,681,8,Somerset Lake
SOM,Somerset Lake,,693,8,Somerset Lake
SOM,Somerset Lake,,695,8,Somerset Lake
SOM,Somerset Lake,,715,8,Somerset Lake
SOM,Somerset Lake,,626,9,Somerset Lake
SOM,Somerset Lake,,564,9,Somerset Lake
SOM,Somerset Lake,,560,9,Somerset Lake
SOM,Somerset Lake,,535,9,Somerset Lake
SOM,Somerset Lake,,627,9,Somerset Lake
SOM,Somerset Lake,,631,9,Somerset Lake
SOM,Somerset Lake,,752,9,Somerset Lake
SOM,Somerset Lake,,665,10,Somerset Lake
SOM,Somerset Lake,,635,10,Somerset Lake
SOM,Somerset Lake,,680,10,Somerset Lake
SOM,Somerset Lake,,717,10,Somerset Lake
SOM,Somerset Lake,,740,10,Somerset Lake
SOM,Somerset Lake,,696,11,Somerset Lake
SOM,Somerset Lake,,740,14,Somerset Lake
SOM,Somerset Lake,,556,14,Somerset Lake
SOM,Somerset Lake,,650,15,Somerset Lake
LOY,Loyalhanna Lake,,700,7,Loyalhanna Lake
LOY,Loyalhanna Lake,,676,8,Loyalhanna Lake
LOY,Loyalhanna Lake,,602,6,Loyalhanna Lake
LOY,Loyalhanna Lake,,640,8,Loyalhanna Lake
LOY,Loyalhanna Lake,,645,8,Loyalhanna Lake
LOY,Loyalhanna Lake,,510,7,Loyalhanna Lake
LOY,Loyalhanna Lake,,522,6,Loyalhanna Lake
LOY,Loyalhanna Lake,,530,5,Loyalhanna Lake
LOY,Loyalhanna Lake,,535,5,Loyalhanna Lake
LOY,Loyalhanna Lake,,551,5,Loyalhanna Lake
LOY,Loyalhanna Lake,,552,5,Loyalhanna Lake
LOY,Loyalhanna Lake,,564,5,Loyalhanna Lake
LOY,Loyalhanna Lake,,527,4,Loyalhanna Lake
LOY,Loyalhanna Lake,,575,6,Loyalhanna Lake
LOY,Loyalhanna Lake,,576,6,Loyalhanna Lake
LOY,Loyalhanna Lake,,587,7,Loyalhanna Lake
LOY,Loyalhanna Lake,,593,5,Loyalhanna Lake
LOY,Loyalhanna Lake,,499,5,Loyalhanna Lake
LOY,Loyalhanna Lake,,486,6,Loyalhanna Lake
LOY,Loyalhanna Lake,,483,7,Loyalhanna Lake
LOY,Loyalhanna Lake,,482,5,Loyalhanna Lake
LOY,Loyalhanna Lake,,476,8,Loyalhanna Lake
LOY,Loyalhanna Lake,,474,4,Loyalhanna Lake
LOY,Loyalhanna Lake,,467,4,Loyalhanna Lake
LOY,Loyalhanna Lake,,466,4,Loyalhanna Lake
LOY,Loyalhanna Lake,,453,4,Loyalhanna Lake
LOY,Loyalhanna Lake,,450,4,Loyalhanna Lake
LOY,Loyalhanna Lake,,445,4,Loyalhanna Lake
LOY,Loyalhanna Lake,,441,4,Loyalhanna Lake
LOY,Loyalhanna Lake,,427,4,Loyalhanna Lake
LOY,Loyalhanna Lake,,426,3,Loyalhanna Lake
LOY,Loyalhanna Lake,,420,3,Loyalhanna Lake
LOY,Loyalhanna Lake,,417,3,Loyalhanna Lake
LOY,Loyalhanna Lake,,408,4,Loyalhanna Lake
LOY,Loyalhanna Lake,,407,4,Loyalhanna Lake
LOY,Loyalhanna Lake,,407,6,Loyalhanna Lake
LOY,Loyalhanna Lake,,402,5,Loyalhanna Lake
LOY,Loyalhanna Lake,,400,3,Loyalhanna Lake
LOY,Loyalhanna Lake,,396,3,Loyalhanna Lake
LOY,Loyalhanna Lake,,392,5,Loyalhanna Lake
LOY,Loyalhanna Lake,,392,4,Loyalhanna Lake
LOY,Loyalhanna Lake,,390,3,Loyalhanna Lake
LOY,Loyalhanna Lake,,389,9,Loyalhanna Lake
LOY,Loyalhanna Lake,,389,2,Loyalhanna Lake
LOY,Loyalhanna Lake,,382,2,Loyalhanna Lake
LOY,Loyalhanna Lake,,381,4,Loyalhanna Lake
LOY,Loyalhanna Lake,,381,2,Loyalhanna Lake
LOY,Loyalhanna Lake,,378,3,Loyalhanna Lake
LOY,Loyalhanna Lake,,375,3,Loyalhanna Lake
LOY,Loyalhanna Lake,,375,3,Loyalhanna Lake
LOY,Loyalhanna Lake,,376,3,Loyalhanna Lake
LOY,Loyalhanna Lake,,377,3,Loyalhanna Lake
LOY,Loyalhanna Lake,,375,3,Loyalhanna Lake
LOY,Loyalhanna Lake,,375,4,Loyalhanna Lake
LOY,Loyalhanna Lake,,368,3,Loyalhanna Lake
LOY,Loyalhanna Lake,,374,3,Loyalhanna Lake
LOY,Loyalhanna Lake,,365,4,Loyalhanna Lake
LOY,Loyalhanna Lake,,365,2,Loyalhanna Lake
LOY,Loyalhanna Lake,,365,3,Loyalhanna Lake
LOY,Loyalhanna Lake,,364,4,Loyalhanna Lake
LOY,Loyalhanna Lake,,364,3,Loyalhanna Lake
LOY,Loyalhanna Lake,,361,4,Loyalhanna Lake
LOY,Loyalhanna Lake,,356,4,Loyalhanna Lake
LOY,Loyalhanna Lake,,356,2,Loyalhanna Lake
LOY,Loyalhanna Lake,,356,3,Loyalhanna Lake
LOY,Loyalhanna Lake,,356,3,Loyalhanna Lake
LOY,Loyalhanna Lake,,356,5,Loyalhanna Lake
LOY,Loyalhanna Lake,,356,3,Loyalhanna Lake
LOY,Loyalhanna Lake,,356,3,Loyalhanna Lake
LOY,Loyalhanna Lake,,355,3,Loyalhanna Lake
LOY,Loyalhanna Lake,,354,3,Loyalhanna Lake
LOY,Loyalhanna Lake,,352,3,Loyalhanna Lake
LOY,Loyalhanna Lake,,349,3,Loyalhanna Lake
LOY,Loyalhanna Lake,,347,3,Loyalhanna Lake
LOY,Loyalhanna Lake,,340,2,Loyalhanna Lake
LOY,Loyalhanna Lake,,335,2,Loyalhanna Lake
LOY,Loyalhanna Lake,,333,2,Loyalhanna Lake
LOY,Loyalhanna Lake,,321,1,Loyalhanna Lake
MAH,Mahoning Lake,,310,6,Mahoning Lake
MAH,Mahoning Lake,,320,6,Mahoning Lake
MAH,Mahoning Lake,,331,6,Mahoning Lake
MAH,Mahoning Lake,,333,6,Mahoning Lake
MAH,Mahoning Lake,,337,5,Mahoning Lake
MAH,Mahoning Lake,,395,7,Mahoning Lake
MAH,Mahoning Lake,,447,6,Mahoning Lake
MAH,Mahoning Lake,,485,17,Mahoning Lake
MAH,Mahoning Lake,,497,21,Mahoning Lake
MAH,Mahoning Lake,,508,23,Mahoning Lake
MAH,Mahoning Lake,,515,15,Mahoning Lake
MAH,Mahoning Lake,,532,7,Mahoning Lake
MAH,Mahoning Lake,,532,23,Mahoning Lake
MAH,Mahoning Lake,,534,16,Mahoning Lake
MAH,Mahoning Lake,,542,11,Mahoning Lake
MAH,Mahoning Lake,,542,12,Mahoning Lake
MAH,Mahoning Lake,,547,11,Mahoning Lake
MAH,Mahoning Lake,,548,23,Mahoning Lake
MAH,Mahoning Lake,,550,22,Mahoning Lake
MAH,Mahoning Lake,,551,23,Mahoning Lake
MAH,Mahoning Lake,,553,23,Mahoning Lake
MAH,Mahoning Lake,,554,16,Mahoning Lake
MAH,Mahoning Lake,,566,15,Mahoning Lake
MAH,Mahoning Lake,,569,14,Mahoning Lake
MAH,Mahoning Lake,,572,11,Mahoning Lake
MAH,Mahoning Lake,,575,15,Mahoning Lake
MAH,Mahoning Lake,,577,23,Mahoning Lake
MAH,Mahoning Lake,,578,11,Mahoning Lake
MAH,Mahoning Lake,,595,8,Mahoning Lake
MAH,Mahoning Lake,,595,15,Mahoning Lake
MAH,Mahoning Lake,,596,11,Mahoning Lake
MAH,Mahoning Lake,,598,22,Mahoning Lake
MAH,Mahoning Lake,,598,23,Mahoning Lake
MAH,Mahoning Lake,,599,21,Mahoning Lake
MAH,Mahoning Lake,,605,11,Mahoning Lake
MAH,Mahoning Lake,,626,16,Mahoning Lake
MAH,Mahoning Lake,,632,22,Mahoning Lake
MAH,Mahoning Lake,,639,13,Mahoning Lake
MAH,Mahoning Lake,,640,11,Mahoning Lake
MAH,Mahoning Lake,,640,15,Mahoning Lake
MAH,Mahoning Lake,,640,13,Mahoning Lake
MAH,Mahoning Lake,,651,11,Mahoning Lake
MAH,Mahoning Lake,,657,12,Mahoning Lake
MAH,Mahoning Lake,,659,14,Mahoning Lake
MAH,Mahoning Lake,,661,12,Mahoning Lake
MAH,Mahoning Lake,,662,22,Mahoning Lake
MAH,Mahoning Lake,,663,21,Mahoning Lake
MAH,Mahoning Lake,,667,11,Mahoning Lake
MAH,Mahoning Lake,,668,12,Mahoning Lake
MAH,Mahoning Lake,,672,13,Mahoning Lake
MAH,Mahoning Lake,,673,12,Mahoning Lake
MAH,Mahoning Lake,,676,10,Mahoning Lake
MAH,Mahoning Lake,,677,16,Mahoning Lake
MAH,Mahoning Lake,,680,10,Mahoning Lake
MAH,Mahoning Lake,,691,13,Mahoning Lake
MAH,Mahoning Lake,,697,13,Mahoning Lake
MAH,Mahoning Lake,,698,11,Mahoning Lake
MAH,Mahoning Lake,,698,15,Mahoning Lake
MAH,Mahoning Lake,,699,11,Mahoning Lake
MAH,Mahoning Lake,,699,16,Mahoning Lake
MAH,Mahoning Lake,,710,11,Mahoning Lake
MAH,Mahoning Lake,,712,13,Mahoning Lake
MAH,Mahoning Lake,,718,13,Mahoning Lake
MAH,Mahoning Lake,,721,11,Mahoning Lake
MAH,Mahoning Lake,,722,15,Mahoning Lake
MAH,Mahoning Lake,,723,14,Mahoning Lake
MAH,Mahoning Lake,,724,12,Mahoning Lake
MAH,Mahoning Lake,,727,14,Mahoning Lake
MAH,Mahoning Lake,,727,13,Mahoning Lake
MAH,Mahoning Lake,,728,13,Mahoning Lake
MAH,Mahoning Lake,,732,14,Mahoning Lake
MAH,Mahoning Lake,,739,23,Mahoning Lake
MAH,Mahoning Lake,,741,19,Mahoning Lake
MAH,Mahoning Lake,,748,13,Mahoning Lake
MAH,Mahoning Lake,,750,16,Mahoning Lake
MAH,Mahoning Lake,,752,15,Mahoning Lake
MAH,Mahoning Lake,,772,13,Mahoning Lake
MAH,Mahoning Lake,,775,14,Mahoning Lake
CAN,Canonsburg Lake,2012,352,5,Canonsburg Lake
CAN,Canonsburg Lake,2012,353,8,Canonsburg Lake
CAN,Canonsburg Lake,2012,366,6,Canonsburg Lake
CAN,Canonsburg Lake,2012,364,7,Canonsburg Lake
CAN,Canonsburg Lake,2012,373,5,Canonsburg Lake
CAN,Canonsburg Lake,2012,378,6,Canonsburg Lake
CAN,Canonsburg Lake,2012,382,6,Canonsburg Lake
CAN,Canonsburg Lake,2012,386,6,Canonsburg Lake
CAN,Canonsburg Lake,2012,394,7,Canonsburg Lake
CAN,Canonsburg Lake,2012,389,6,Canonsburg Lake
CAN,Canonsburg Lake,2012,398,6,Canonsburg Lake
CAN,Canonsburg Lake,2012,404,7,Canonsburg Lake
CAN,Canonsburg Lake,2012,418,7,Canonsburg Lake
CAN,Canonsburg Lake,2012,476,6,Canonsburg Lake
CAN,Canonsburg Lake,2012,482,15,Canonsburg Lake
CAN,Canonsburg Lake,2012,501,6,Canonsburg Lake
CAN,Canonsburg Lake,2012,528,10,Canonsburg Lake
CAN,Canonsburg Lake,2012,595,8,Canonsburg Lake
CAN,Canonsburg Lake,2012,602,8,Canonsburg Lake
CAN,Canonsburg Lake,2012,663,7,Canonsburg Lake
ERIE,Lake Erie,2111,698,20,Lake Erie
ERIE,Lake Erie,2111,465,6,Lake Erie
ERIE,Lake Erie,2111,625,16,Lake Erie
ERIE,Lake Erie,2111,624,8,Lake Erie
ERIE,Lake Erie,2111,621,8,Lake Erie
ERIE,Lake Erie,2111,610,8,Lake Erie
ERIE,Lake Erie,2111,660,8,Lake Erie
ERIE,Lake Erie,2111,635,19,Lake Erie
ERIE,Lake Erie,2111,637,8,Lake Erie
ERIE,Lake Erie,2111,596,7,Lake Erie
ERIE,Lake Erie,2111,576,6,Lake Erie
ERIE,Lake Erie,2111,507,5,Lake Erie
ERIE,Lake Erie,2111,541,6,Lake Erie
ERIE,Lake Erie,2111,520,5,Lake Erie
ERIE,Lake Erie,2111,522,5,Lake Erie
ERIE,Lake Erie,2111,485,5,Lake Erie
ERIE,Lake Erie,2111,556,6,Lake Erie
ERIE,Lake Erie,2111,585,7,Lake Erie
ERIE,Lake Erie,2111,593,7,Lake Erie
ERIE,Lake Erie,2111,742,9,Lake Erie
ERIE,Lake Erie,2111,807,15,Lake Erie
ERIE,Lake Erie,2111,650,8,Lake Erie
ERIE,Lake Erie,2111,737,12,Lake Erie
ERIE,Lake Erie,2111,485,16,Lake Erie
ERIE,Lake Erie,2111,366,3,Lake Erie
ERIE,Lake Erie,2111,314,2,Lake Erie
SANC,Pymatuning Sanctuary,2016,407,5,Pymatuning Reservoir
SANC,Pymatuning Sanctuary,2016,426,6,Pymatuning Reservoir
SANC,Pymatuning Sanctuary,2016,431,6,Pymatuning Reservoir
SANC,Pymatuning Sanctuary,2016,455,6,Pymatuning Reservoir
SANC,Pymatuning Sanctuary,2016,473,6,Pymatuning Reservoir
SANC,Pymatuning Sanctuary,2016,475,8,Pymatuning Reservoir
SANC,Pymatuning Sanctuary,2016,486,12,Pymatuning Reservoir
SANC,Pymatuning Sanctuary,2016,490,6,Pymatuning Reservoir
SANC,Pymatuning Sanctuary,2016,500,6,Pymatuning Reservoir
SANC,Pymatuning Sanctuary,2016,515,7,Pymatuning Reservoir
SANC,Pymatuning Sanctuary,2016,519,7,Pymatuning Reservoir
SANC,Pymatuning Sanctuary,2016,520,7,Pymatuning Reservoir
SANC,Pymatuning Sanctuary,2016,521,6,Pymatuning Reservoir
SANC,Pymatuning Sanctuary,2016,521,6,Pymatuning Reservoir
SANC,Pymatuning Sanctuary,2016,530,8,Pymatuning Reservoir
SANC,Pymatuning Sanctuary,2016,535,7,Pymatuning Reservoir
SANC,Pymatuning Sanctuary,2016,535,20,Pymatuning Reservoir
SANC,Pymatuning Sanctuary,2016,546,6,Pymatuning Reservoir
SANC,Pymatuning Sanctuary,2016,549,7,Pymatuning Reservoir
SANC,Pymatuning Sanctuary,2016,549,8,Pymatuning Reservoir
SANC,Pymatuning Sanctuary,2016,555,6,Pymatuning Reservoir
SANC,Pymatuning Sanctuary,2016,564,8,Pymatuning Reservoir
SANC,Pymatuning Sanctuary,2016,566,6,Pymatuning Reservoir
SANC,Pymatuning Sanctuary,2016,580,6,Pymatuning Reservoir
SANC,Pymatuning Sanctuary,2016,580,6,Pymatuning Reservoir
SANC,Pymatuning Sanctuary,2016,591,12,Pymatuning Reservoir
SANC,Pymatuning Sanctuary,2016,598,7,Pymatuning Reservoir
SANC,Pymatuning Sanctuary,2016,607,12,Pymatuning Reservoir
SANC,Pymatuning Sanctuary,2016,639,18,Pymatuning Reservoir
SANC,Pymatuning Sanctuary,2016,682,12,Pymatuning Reservoir
SANC,Pymatuning Sanctuary,2016,695,26,Pymatuning Reservoir
SANC,Pymatuning Sanctuary,2016,754,11,Pymatuning Reservoir
SANC,Pymatuning Sanctuary,2016,817,16,Pymatuning Reservoir
BLUE,Blue Marsh Lake,2021,400,5,Blue Marsh Lake
BLUE,Blue Marsh Lake,2021,701,15,Blue Marsh Lake
BLUE,Blue Marsh Lake,2021,726,11,Blue Marsh Lake
BLUE,Blue Marsh Lake,2021,667,10,Blue Marsh Lake
BLUE,Blue Marsh Lake,2021,576,10,Blue Marsh Lake
BLUE,Blue Marsh Lake,2021,483,8,Blue Marsh Lake
BLUE,Blue Marsh Lake,2021,710,11,Blue Marsh Lake
BLUE,Blue Marsh Lake,2021,354,7,Blue Marsh Lake
BLUE,Blue Marsh Lake,2021,325,5,Blue Marsh Lake
BLUE,Blue Marsh Lake,2021,375,7,Blue Marsh Lake
BLUE,Blue Marsh Lake,2021,322,5,Blue Marsh Lake
BLUE,Blue Marsh Lake,2021,350,5,Blue Marsh Lake
BLUE,Blue Marsh Lake,2021,384,6,Blue Marsh Lake
BLUE,Blue Marsh Lake,2021,458,9,Blue Marsh Lake
BLUE,Blue Marsh Lake,2021,385,7,Blue Marsh Lake
BLUE,Blue Marsh Lake,2021,378,5,Blue Marsh Lake
BLUE,Blue Marsh Lake,2021,526,6,Blue Marsh Lake
BLUE,Blue Marsh Lake,2021,458,7,Blue Marsh Lake
BLUE,Blue Marsh Lake,2021,359,5,Blue Marsh Lake
BLUE,Blue Marsh Lake,2021,435,6,Blue Marsh Lake
BLUE,Blue Marsh Lake,2021,386,6,Blue Marsh Lake
BLUE,Blue Marsh Lake,2021,715,13,Blue Marsh Lake
BLUE,Blue Marsh Lake,2021,710,10,Blue Marsh Lake
BLUE,Blue Marsh Lake,2021,377,7,Blue Marsh Lake
BLUE,Blue Marsh Lake,2021,608,10,Blue Marsh Lake
BLUE,Blue Marsh Lake,2021,640,10,Blue Marsh Lake
BLUE,Blue Marsh Lake,2021,695,16,Blue Marsh Lake
BLUE,Blue Marsh Lake,2021,424,6,Blue Marsh Lake
BLUE,Blue Marsh Lake,2021,358,5,Blue Marsh Lake
BLUE,Blue Marsh Lake,2021,457,9,Blue Marsh Lake
BLUE,Blue Marsh Lake,2021,369,5,Blue Marsh Lake
BLUE,Blue Marsh Lake,2021,586,9,Blue Marsh Lake
BLUE,Blue Marsh Lake,2021,455,6,Blue Marsh Lake
BLUE,Blue Marsh Lake,2021,696,11,Blue Marsh Lake
BLUE,Blue Marsh Lake,2021,395,6,Blue Marsh Lake
BLUE,Blue Marsh Lake,2021,394,6,Blue Marsh Lake
BLUE,Blue Marsh Lake,2021,547,8,Blue Marsh Lake
BLUE,Blue Marsh Lake,2021,442,7,Blue Marsh Lake
BLUE,Blue Marsh Lake,2021,554,11,Blue Marsh Lake
BLUE,Blue Marsh Lake,2021,344,5,Blue Marsh Lake
BLUE,Blue Marsh Lake,2021,440,9,Blue Marsh Lake
BLUE,Blue Marsh Lake,2021,503,7,Blue Marsh Lake
BLUE,Blue Marsh Lake,2021,602,9,Blue Marsh Lake
BLUE,Blue Marsh Lake,2021,590,9,Blue Marsh Lake
BLUE,Blue Marsh Lake,2021,595,7,Blue Marsh Lake
BLUE,Blue Marsh Lake,2021,640,10,Blue Marsh Lake
BLUE,Blue Marsh Lake,2021,480,9,Blue Marsh Lake
BLUE,Blue Marsh Lake,2021,437,6,Blue Marsh Lake
BLUE,Blue Marsh Lake,2021,558,9,Blue Marsh Lake
BLUE,Blue Marsh Lake,2021,396,5,Blue Marsh Lake
BLUE,Blue Marsh Lake,2021,521,8,Blue Marsh Lake
BLUE,Blue Marsh Lake,2021,562,10,Blue Marsh Lake
BLUE,Blue Marsh Lake,2021,540,9,Blue Marsh Lake
BLUE,Blue Marsh Lake,2021,526,7,Blue Marsh Lake
BLUE,Blue Marsh Lake,2021,438,6,Blue Marsh Lake
BLUE,Blue Marsh Lake,2021,549,8,Blue Marsh Lake
BLUE,Blue Marsh Lake,2021,567,10,Blue Marsh Lake
BLUE,Blue Marsh Lake,2021,360,5,Blue Marsh Lake
BLUE,Blue Marsh Lake,2021,374,8,Blue Marsh Lake
BLUE,Blue Marsh Lake,2021,361,5,Blue Marsh Lake
BLUE,Blue Marsh Lake,2021,545,8,Blue Marsh Lake
BLUE,Blue Marsh Lake,2021,531,7,Blue Marsh Lake
BLUE,Blue Marsh Lake,2021,399,5,Blue Marsh Lake
BLUE,Blue Marsh Lake,2021,426,7,Blue Marsh Lake
BLUE,Blue Marsh Lake,2021,431,8,Blue Marsh Lake
BLUE,Blue Marsh Lake,2021,565,15,Blue Marsh Lake
BLUE,Blue Marsh Lake,2021,495,8,Blue Marsh Lake
BLUE,Blue Marsh Lake,2021,395,5,Blue Marsh Lake
BLUE,Blue Marsh Lake,2021,628,9,Blue Marsh Lake
BLUE,Blue Marsh Lake,2021,561,9,Blue Marsh Lake
BLUE,Blue Marsh Lake,2021,544,11,Blue Marsh Lake
BLUE,Blue Marsh Lake,2021,506,10,Blue Marsh Lake
BLUE,Blue Marsh Lake,2021,570,10,Blue Marsh Lake
BLUE,Blue Marsh Lake,2021,465,9,Blue Marsh Lake
BLUE,Blue Marsh Lake,2021,402,5,Blue Marsh Lake
BLUE,Blue Marsh Lake,2021,666,11,Blue Marsh Lake
BLUE,Blue Marsh Lake,2021,478,7,Blue Marsh Lake
BLUE,Blue Marsh Lake,2021,525,10,Blue Marsh Lake
BLUE,Blue Marsh Lake,2021,495,9,Blue Marsh Lake
BLUE,Blue Marsh Lake,2021,449,6,Blue Marsh Lake
BLUE,Blue Marsh Lake,2021,506,7,Blue Marsh Lake
BLUE,Blue Marsh Lake,2021,629,9,Blue Marsh Lake
BLUE,Blue Marsh Lake,2021,485,9,Blue Marsh Lake
BLUE,Blue Marsh Lake,2021,540,9,Blue Marsh Lake
BLUE,Blue Marsh Lake,2021,430,7,Blue Marsh Lake
BLUE,Blue Marsh Lake,2021,561,8,Blue Marsh Lake
BLUE,Blue Marsh Lake,2021,378,9,Blue Marsh Lake
BLUE,Blue Marsh Lake,2021,487,10,Blue Marsh Lake
BLUE,Blue Marsh Lake,2021,525,8,Blue Marsh Lake
BLUE,Blue Marsh Lake,2021,430,6,Blue Marsh Lake
BLUE,Blue Marsh Lake,2021,486,9,Blue Marsh Lake
BLUE,Blue Marsh Lake,2021,485,9,Blue Marsh Lake
BLUE,Blue Marsh Lake,2021,595,9,Blue Marsh Lake
BLUE,Blue Marsh Lake,2021,517,11,Blue Marsh Lake
BLUE,Blue Marsh Lake,2021,432,8,Blue Marsh Lake
BLUE,Blue Marsh Lake,2021,539,6,Blue Marsh Lake
BLUE,Blue Marsh Lake,2021,604,12,Blue Marsh Lake
BLUE,Blue Marsh Lake,2021,522,9,Blue Marsh Lake
BLUE,Blue Marsh Lake,2021,571,9,Blue Marsh Lake
BLUE,Blue Marsh Lake,2021,660,10,Blue Marsh Lake
BLUE,Blue Marsh Lake,2021,434,5,Blue Marsh Lake
BLUE,Blue Marsh Lake,2021,405,6,Blue Marsh Lake
BLUE,Blue Marsh Lake,2021,513,7,Blue Marsh Lake
BLUE,Blue Marsh Lake,2021,504,9,Blue Marsh Lake
BLUE,Blue Marsh Lake,2021,518,9,Blue Marsh Lake
BLUE,Blue Marsh Lake,2021,457,9,Blue Marsh Lake
BLUE,Blue Marsh Lake,2021,616,11,Blue Marsh Lake
BLUE,Blue Marsh Lake,2021,613,9,Blue Marsh Lake
BLUE,Blue Marsh Lake,2021,550,11,Blue Marsh Lake
BLUE,Blue Marsh Lake,2021,544,11,Blue Marsh Lake
BLUE,Blue Marsh Lake,2021,559,11,Blue Marsh Lake
BLUE,Blue Marsh Lake,2021,589,16,Blue Marsh Lake
BLUE,Blue Marsh Lake,2021,421,9,Blue Marsh Lake
BLUE,Blue Marsh Lake,2021,592,14,Blue Marsh Lake
BLUE,Blue Marsh Lake,2021,363,6,Blue Marsh Lake
BLUE,Blue Marsh Lake,2021,514,9,Blue Marsh Lake
BLUE,Blue Marsh Lake,2021,583,8,Blue Marsh Lake
BLUE,Blue Marsh Lake,2021,585,8,Blue Marsh Lake
BLUE,Blue Marsh Lake,2021,559,10,Blue Marsh Lake
BLUE,Blue Marsh Lake,2021,416,10,Blue Marsh Lake
BLUE,Blue Marsh Lake,2021,605,16,Blue Marsh Lake
BLUE,Blue Marsh Lake,2021,576,10,Blue Marsh Lake
BLUE,Blue Marsh Lake,2021,515,7,Blue Marsh Lake
BLUE,Blue Marsh Lake,2021,595,9,Blue Marsh Lake
BLUE,Blue Marsh Lake,2021,462,7,Blue Marsh Lake
BLUE,Blue Marsh Lake,2021,481,9,Blue Marsh Lake
BLUE,Blue Marsh Lake,2021,532,9,Blue Marsh Lake
BLUE,Blue Marsh Lake,2021,445,9,Blue Marsh Lake
BLUE,Blue Marsh Lake,2021,272,3,Blue Marsh Lake
BLUE,Blue Marsh Lake,2021,284,3,Blue Marsh Lake
BLUE,Blue Marsh Lake,2021,259,3,Blue Marsh Lake
BLUE,Blue Marsh Lake,2021,301,5,Blue Marsh Lake
BLUE,Blue Marsh Lake,2021,316,4,Blue Marsh Lake
BLUE,Blue Marsh Lake,2021,327,4,Blue Marsh Lake
BLUE,Blue Marsh Lake,2021,339,5,Blue Marsh Lake
BLUE,Blue Marsh Lake,2021,375,5,Blue Marsh Lake
BLUE,Blue Marsh Lake,2021,396,6,Blue Marsh Lake
BLUE,Blue Marsh Lake,2021,662,11,Blue Marsh Lake
BLUE,Blue Marsh Lake,2021,718,9,Blue Marsh Lake
BLUE,Blue Marsh Lake,2021,651,16,Blue Marsh Lake
BLUE,Blue Marsh Lake,2021,611,11,Blue Marsh Lake
BLUE,Blue Marsh Lake,2021,660,13,Blue Marsh Lake
BLUE,Blue Marsh Lake,2021,631,9,Blue Marsh Lake
BLUE,Blue Marsh Lake,2021,634,11,Blue Marsh Lake
BLUE,Blue Marsh Lake,2021,305,5,Blue Marsh Lake
BLUE,Blue Marsh Lake,2021,214,2,Blue Marsh Lake
BLUE,Blue Marsh Lake,2021,286,3,Blue Marsh Lake
BLUE,Blue Marsh Lake,2021,285,3,Blue Marsh Lake
BLUE,Blue Marsh Lake,2021,275,3,Blue Marsh Lake
BLUE,Blue Marsh Lake,2021,268,3,Blue Marsh Lake